"","aa","HUTJ700101","SUEM840102","GEIM800104","CHAM830105","ARGP820103","QIAN880128","ARGP820102","COSI940101","PALJ810109"
"1","A",0.144910109531211,0.0494533643751739,0.247626112894177,0,0.266396301373122,-0.186337205878236,0.203655426863356,0.132895262327483,0.245499062951821
"2","C",0.25143540565477,0.160723434219315,0.197684711974343,0,0.210043237621116,0.402096075842509,0.326193861670969,0.29536239267958,0.219881769426413
"3","D",0.183939629107207,0.432716938282771,0.22265541243426,0,0.0239073603796392,0.0882649922581117,0.00862946723997273,0.449991196567322,0.213477446045061
"4","E",0.207496200642911,0.0370900232813804,0.341266239618866,0.312347523777212,0.0392763777665501,-0.196144427240248,0.01898482792794,0.0206646788605738,0.292464101081734
"5","F",0.240624179139437,0.111270069844141,0.212250953909295,0.312347523777212,0.346656725504768,0.0686505495340869,0.338275115806931,0.337048037967289,0.196399250361456
"6","G",0.117584486549795,0.000618167054689673,0.124853502299585,0,0.105875453109831,0.274602198136348,0.0845687789517327,0.0178143783280808,0.136625565468839
"7","H",0.295771352924073,0.000618167054689673,0.214331845614288,0.312347523777212,0.049522389357824,-0.186337205878236,0.0535026968878309,0.0862215911079112,0.202803573742808
"8","I",0.223167519811926,0.33999188007932,0.233059870959226,0,0.285180655957124,-0.0588433281720745,0.250254549959209,0,0.211342671584611
"9","K",0.283174786250244,0.00618167054689673,0.264273246534122,0.312347523777212,0.0256150289781848,-0.196144427240248,0.0103553606879673,0.13218268719436,0.256172935254074
"10","L",0.238194132812596,0.203995128047592,0.245545221189184,0,0.500346899373877,0.333445526308422,0.557463583702238,0,0.260442484174975
"11","M",0.343777166074727,0.333810209532424,0.31005286404397,0.312347523777212,0.505469905169514,0.441324961290558,0.460813550614544,0.293224667280211,0.309542296765339
"12","N",0.189940355751039,0.000618167054689673,0.19560382026935,0,0.0461070521607327,-0.372674411756472,0.0396955493038745,0.0128263523962182,0.185725378059203
"13","P",0.179178722017886,0.259630162969663,0.14150063593953,0,0.12978281348947,0.0392288854480496,0.131167902047585,0.0705449381792001,0.153703761152444
"14","Q",0.218307427158244,0.203995128047592,0.274677705059087,0.312347523777212,0.0870910985258284,0.0392288854480496,0.124264328255607,0.27113483815339,0.305272747844438
"15","R",0.130776166609789,0.000618167054689673,0.208089170499309,0.312347523777212,0.0768450869345545,0.166722763154211,0.0345178689598909,0.34167977633259,0.226286092807765
"16","S",0.160680614264587,0.000618167054689673,0.16855222810444,0,0.138321156482198,-0.225566091326285,0.167411664455471,0.29536239267958,0.179321054677852
"17","T",0.174566593275107,0.000618167054689673,0.176875794924412,0,0.155397842467655,-0.0196144427240248,0.144975049631542,0.335266600134481,0.207073122663709
"18","V",0.200106876098027,0.000618167054689673,0.153985986169488,0,0.194674220234205,0.0490361068100621,0.186396492383411,0.0203083912940122,0.17505150575695
"19","W",0.282282116170996,0.475988632111049,0.245545221189184,0.468521285665818,0.184428208642931,0.156915541792199,0.13289379549558,0.195245586475766,0.236959965110018
"20","Y",0.256543462219354,0.407990256095184,0.160228661284468,0.312347523777212,0.116121464701105,0.215758869964273,0.0673098444717873,0.183844384345794,0.153703761152444
